query,id,timestamp_utc,local_time,user_screen_name,text,possibly_sensitive,retweet_count,like_count,reply_count,impression_count,lang,to_username,to_userid,to_tweetid,source_name,source_url,user_location,lat,lng,user_id,user_name,user_verified,user_description,user_url,user_image,user_tweets,user_followers,user_friends,user_likes,user_lists,user_created_at,user_timestamp_utc,collected_via,match_query,retweeted_id,retweeted_user,retweeted_user_id,retweeted_timestamp_utc,quoted_id,quoted_user,quoted_user_id,quoted_timestamp_utc,collection_time,url,place_country_code,place_name,place_type,place_coordinates,links,domains,media_urls,media_files,media_types,media_alt_texts,mentioned_names,mentioned_ids,hashtags,intervention_type,intervention_text,intervention_url
from:medialab_ScPo,1786326678634979703,1714728443,2024-05-03T09:27:23,medialab_ScPo,"Social media and access to information: a difficult relationship?
On #WorldPressFreedomDay, the mÃ©dialab is promoting the work of @AnninaClaesson on French journalists reaction in the initial 6 months following Muskâ€™s takeover.
https://medialab.sciencespo.fr/en/news/social-media-and-access-to-information-a-difficult-relationship/",0,8,9,0,,en,,,,Twitter Web App,https://mobile.twitter.com,Paris,,,1652884033,ScPo mÃ©dialab,0,The Sciences Po mÃ©dialab is a research center of @sciencespo that connects the social sciences with new digital tools. #controversy #networks #data,https://medialab.sciencespo.fr,https://pbs.twimg.com/profile_images/687665190335283202/Ucmfc-pV_normal.png,1295,8887,131,324,227,2013-08-07T12:43:17,1375879397,scraping,1,,,,,,,,,2024-05-11T00:28:17.921410,https://twitter.com/medialab_ScPo/status/1786326678634979703,,,,,https://medialab.sciencespo.fr/en/news/social-media-and-access-to-information-a-difficult-relationship/,medialab.sciencespo.fr,,,,,anninaclaesson,2561117712,worldpressfreedomday,,,
from:medialab_ScPo,1784123566142956000,1714203180,2024-04-27T07:33:00,medialab_ScPo,"Le mÃ©dialab se positionne en soutien Ã Â la libertÃ© dâ€™expression et de mobilisation des Ã©tudiantÂ·es de Sciences Po.
Lire le communiquÃ© surÂ https://medialab.sciencespo.fr/actu/communique-25-avril/",0,40,115,5,,fr,,,,Twitter Web App,https://mobile.twitter.com,Paris,,,1652884033,ScPo mÃ©dialab,0,The Sciences Po mÃ©dialab is a research center of @sciencespo that connects the social sciences with new digital tools. #controversy #networks #data,https://medialab.sciencespo.fr,https://pbs.twimg.com/profile_images/687665190335283202/Ucmfc-pV_normal.png,1295,8887,131,324,227,2013-08-07T12:43:17,1375879397,scraping,1,,,,,,,,,2024-05-11T00:28:17.921754,https://twitter.com/medialab_ScPo/status/1784123566142956000,,,,,https://medialab.sciencespo.fr/actu/communique-25-avril/,medialab.sciencespo.fr,,,,,,,,,,
from:medialab_ScPo,1781236041556361334,1713514740,2024-04-19T08:19:00,medialab_ScPo,"Mardi 23/04 Ã  14h, @epmrio prÃ©sentera son travail sur le ""Le gouvernement numÃ©rique de la foule"" au sÃ©minaire du mÃ©dialab.
Info et inscription surÂ https://medialab.sciencespo.fr/actu/le-gouvernement-numerique-de-la-foule/",0,0,3,0,,fr,,,,Twitter Web App,https://mobile.twitter.com,Paris,,,1652884033,ScPo mÃ©dialab,0,The Sciences Po mÃ©dialab is a research center of @sciencespo that connects the social sciences with new digital tools. #controversy #networks #data,https://medialab.sciencespo.fr,https://pbs.twimg.com/profile_images/687665190335283202/Ucmfc-pV_normal.png,1295,8887,131,324,227,2013-08-07T12:43:17,1375879397,scraping,1,,,,,,,,,2024-05-11T00:28:17.921984,https://twitter.com/medialab_ScPo/status/1781236041556361334,,,,,https://medialab.sciencespo.fr/actu/le-gouvernement-numerique-de-la-foule/,medialab.sciencespo.fr,,,,,epmrio,910137088754044928,,,,
from:medialab_ScPo,1773711424734289987,1711720732,2024-03-29T13:58:52,medialab_ScPo,"The mÃ©dialab is recruiting a Postdoc or data scientist / engineer a for 12  months contract to work on online misinformation spread.
Review of applications will start on April 25th 2024 ; more info to join @achimedelmann team on https://medialab.sciencespo.fr/actu/hiring-postdoc-or-data-scientist/",0,10,13,0,,en,,,,Twitter Web App,https://mobile.twitter.com,Paris,,,1652884033,ScPo mÃ©dialab,0,The Sciences Po mÃ©dialab is a research center of @sciencespo that connects the social sciences with new digital tools. #controversy #networks #data,https://medialab.sciencespo.fr,https://pbs.twimg.com/profile_images/687665190335283202/Ucmfc-pV_normal.png,1295,8887,131,324,227,2013-08-07T12:43:17,1375879397,scraping,1,,,,,,,,,2024-05-11T00:28:17.922204,https://twitter.com/medialab_ScPo/status/1773711424734289987,,,,,https://medialab.sciencespo.fr/actu/hiring-postdoc-or-data-scientist/,medialab.sciencespo.fr,,,,,achimedelmann,2835152008,,,,
from:medialab_ScPo,1770043554041098559,1710846243,2024-03-19T11:04:03,medialab_ScPo,"2pm today, the mÃ©dialab seminar is welcomingÂ @PabloBochon (@NorthwesternU) at @sciencespo for a session entitled
""Digital Freud: The refiguration of inequality, sociality, and personhood in clinical workÂ Â».

If you want to join, register onÂ https://medialab.sciencespo.fr/actu/digital-freud-the-refiguration-of-inequality-sociality-and-personhood-in-clinical-work/",0,0,5,0,,en,,,,Twitter Web App,https://mobile.twitter.com,Paris,,,1652884033,ScPo mÃ©dialab,0,The Sciences Po mÃ©dialab is a research center of @sciencespo that connects the social sciences with new digital tools. #controversy #networks #data,https://medialab.sciencespo.fr,https://pbs.twimg.com/profile_images/687665190335283202/Ucmfc-pV_normal.png,1295,8887,131,324,227,2013-08-07T12:43:17,1375879397,scraping,1,,,,,,,,,2024-05-11T00:28:17.922429,https://twitter.com/medialab_ScPo/status/1770043554041098559,,,,,https://medialab.sciencespo.fr/actu/digital-freud-the-refiguration-of-inequality-sociality-and-personhood-in-clinical-work/,medialab.sciencespo.fr,,,,,northwesternu|pablobochon|sciencespo,33639255|1173648253|168619698,,,,
from:medialab_ScPo,1769699353323598199,1710764179,2024-03-18T12:16:19,medialab_ScPo,"Tomorrow 2pm @PabloBochonÂ from @NorthwesternU will present his study about the use of digital technology in mental health professionals' practices, at the mÃ©dialab seminar.
Info and registration :
https://medialab.sciencespo.fr/actu/digital-freud-the-refiguration-of-inequality-sociality-and-personhood-in-clinical-work/",0,2,6,0,,en,,,,Twitter Web App,https://mobile.twitter.com,Paris,,,1652884033,ScPo mÃ©dialab,0,The Sciences Po mÃ©dialab is a research center of @sciencespo that connects the social sciences with new digital tools. #controversy #networks #data,https://medialab.sciencespo.fr,https://pbs.twimg.com/profile_images/687665190335283202/Ucmfc-pV_normal.png,1295,8887,131,324,227,2013-08-07T12:43:17,1375879397,scraping,1,,,,,,,,,2024-05-11T00:28:17.922632,https://twitter.com/medialab_ScPo/status/1769699353323598199,,,,,https://medialab.sciencespo.fr/actu/digital-freud-the-refiguration-of-inequality-sociality-and-personhood-in-clinical-work/,medialab.sciencespo.fr,,,,,northwesternu|pablobochon,33639255|1173648253,,,,
from:medialab_ScPo,1767136620149407824,1710153176,2024-03-11T10:32:56,medialab_ScPo,"Ce mercredi Ã  18h30, le mÃ©dialab et @CetFeditions proposent une confÃ©rence sur le thÃ¨me ""Open Data, pouvoir et contre-pouvoirs"".
Avec @xporte, @samgoeta, @axellelemaire, @SParasie, @jrmdns, & @C_Nebbula 
RV @sciencespo ; inscriptions sur https://cfeditions.com/open-data/ Â« CetFeditions: Avez-vous pensÃ© Ã  rÃ©server pour la confÃ©rence-dÃ©bat du mercredi 13 mars.
Open data, pouvoirs et contre-pouvoirs
Animation @xporte 
Avec @samgoeta, @axellelemaire, @SParasie, @jrmdns, @C_Nebbula 

Inscription gratuite, mais nÃ©cessaire : https://cfeditions.com/open-data https://twitter.com/CetFeditions/status/1765367534604157090/photo/1 â€” https://twitter.com/cetfeditions/status/1765367534604157090 Â»",0,6,8,0,,fr,,,,Twitter Web App,https://mobile.twitter.com,Paris,,,1652884033,ScPo mÃ©dialab,0,The Sciences Po mÃ©dialab is a research center of @sciencespo that connects the social sciences with new digital tools. #controversy #networks #data,https://medialab.sciencespo.fr,https://pbs.twimg.com/profile_images/687665190335283202/Ucmfc-pV_normal.png,1295,8887,131,324,227,2013-08-07T12:43:17,1375879397,scraping,1,,,,,1765367534604157090,CetFeditions,1859544331,1709731393,2024-05-11T00:28:17.924261,https://twitter.com/medialab_ScPo/status/1767136620149407824,,,,,https://cfeditions.com/open-data|https://cfeditions.com/open-data/,cfeditions.com|cfeditions.com,https://pbs.twimg.com/media/GH_XjvyXgAAxlD3.jpg,1765367534604157090_GH_XjvyXgAAxlD3.jpg,photo,,axellelemaire|c_nebbula|cetfeditions|jrmdns|samgoeta|sciencespo|sparasie|xporte,116063765|130497468|1859544331|25548418|14100759|168619698|1545028346546905088|71212408,,,,
from:medialab_ScPo,1765673242231234726,1709804280,2024-03-07T09:38:00,medialab_ScPo,"Envie de mettre vos compÃ©tences techniques au service de la communautÃ© de recherche, venez participer avec les ingÃ©nieurs de @ScPoResearch au MetAt, l'atelier de mÃ©thodes.
Retrouvez leurs tÃ©moignages sur https://medialab.sciencespo.fr/actu/portraits-dencadrantes-2-metat/",0,4,3,0,,fr,,,,Twitter Web App,https://mobile.twitter.com,Paris,,,1652884033,ScPo mÃ©dialab,0,The Sciences Po mÃ©dialab is a research center of @sciencespo that connects the social sciences with new digital tools. #controversy #networks #data,https://medialab.sciencespo.fr,https://pbs.twimg.com/profile_images/687665190335283202/Ucmfc-pV_normal.png,1295,8887,131,324,227,2013-08-07T12:43:17,1375879397,scraping,1,,,,,,,,,2024-05-11T00:28:17.924493,https://twitter.com/medialab_ScPo/status/1765673242231234726,,,,,https://medialab.sciencespo.fr/actu/portraits-dencadrantes-2-metat/,medialab.sciencespo.fr,,,,,scporesearch,435681893,,,,
from:medialab_ScPo,1764997288181834212,1709643120,2024-03-05T12:52:00,medialab_ScPo,"Le METAT, des discussions fouillÃ©es pour adapter au mieux les mÃ©thodes aux projets de recherches : â€œLes chercheurs doivent rÃ©organiser leurs modes de penser suite aux Ã©changesâ€, Blazej Palat (2023)
Pour en savoir plus sur le METAT et rejoindre lâ€™Ã©quipe : https://medialab.sciencespo.fr/actu/portraits-dencadrantes-2-metat/ https://twitter.com/medialab_ScPo/status/1764997288181834212/video/1",0,1,0,0,,fr,,,,Twitter Web App,https://mobile.twitter.com,Paris,,,1652884033,ScPo mÃ©dialab,0,The Sciences Po mÃ©dialab is a research center of @sciencespo that connects the social sciences with new digital tools. #controversy #networks #data,https://medialab.sciencespo.fr,https://pbs.twimg.com/profile_images/687665190335283202/Ucmfc-pV_normal.png,1295,8887,131,324,227,2013-08-07T12:43:17,1375879397,scraping,1,,,,,,,,,2024-05-11T00:28:17.924782,https://twitter.com/medialab_ScPo/status/1764997288181834212,,,,,https://medialab.sciencespo.fr/actu/portraits-dencadrantes-2-metat/,medialab.sciencespo.fr,https://video.twimg.com/ext_tw_video/1759586529129664512/pu/vid/avc1/720x720/HQKuKBgVbEBi5NHy.mp4,1764997288181834212_HQKuKBgVbEBi5NHy.mp4,video,,,,,,,
from:medialab_ScPo,1762755264988737633,1709108580,2024-02-28T08:23:00,medialab_ScPo,"Le METAT câ€™est former pour plus dâ€™autonomie :
â€œlâ€™occasion de donner un petit point de dÃ©part aux gens sans pour autant travailler pour euxâ€, @BeatriceMazoyer 
(2023)
Pour en savoir plus sur le METAT et rejoindre lâ€™Ã©quipe : https://medialab.sciencespo.fr/actu/portraits-dencadrantes-2-metat/ https://twitter.com/medialab_ScPo/status/1762755264988737633/video/1",0,2,4,0,,fr,,,,Twitter Web App,https://mobile.twitter.com,Paris,,,1652884033,ScPo mÃ©dialab,0,The Sciences Po mÃ©dialab is a research center of @sciencespo that connects the social sciences with new digital tools. #controversy #networks #data,https://medialab.sciencespo.fr,https://pbs.twimg.com/profile_images/687665190335283202/Ucmfc-pV_normal.png,1295,8887,131,324,227,2013-08-07T12:43:17,1375879397,scraping,1,,,,,,,,,2024-05-11T00:28:17.925047,https://twitter.com/medialab_ScPo/status/1762755264988737633,,,,,https://medialab.sciencespo.fr/actu/portraits-dencadrantes-2-metat/,medialab.sciencespo.fr,https://video.twimg.com/ext_tw_video/1759584335433285632/pu/vid/avc1/720x720/MoFTKXJUNAtCB2K6.mp4,1762755264988737633_MoFTKXJUNAtCB2K6.mp4,video,,beatricemazoyer,709702331412176896,,,,
from:medialab_ScPo,1762414981121765567,1709027450,2024-02-27T09:50:50,medialab_ScPo,"Classification et infrastructures informationnelles :
la prÃ©sentation de lâ€™ouvrage ""Arranger les chosesÂ Â» commence Ã  14h Ã  @sciencespo 
Il est encore temps de vous inscrire pour Ã©couter @VinZian @b_kotras V.Cardon H. Boullier etÂ Ã‰. Dagiral
https://medialab.sciencespo.fr/actu/classification-et-infrastructures-informationnelles-traduire-un-classique-des-sciences-sociales/",0,2,6,0,,fr,,,,Twitter Web App,https://mobile.twitter.com,Paris,,,1652884033,ScPo mÃ©dialab,0,The Sciences Po mÃ©dialab is a research center of @sciencespo that connects the social sciences with new digital tools. #controversy #networks #data,https://medialab.sciencespo.fr,https://pbs.twimg.com/profile_images/687665190335283202/Ucmfc-pV_normal.png,1295,8887,131,324,227,2013-08-07T12:43:17,1375879397,scraping,1,,,,,,,,,2024-05-11T00:28:17.925250,https://twitter.com/medialab_ScPo/status/1762414981121765567,,,,,https://medialab.sciencespo.fr/actu/classification-et-infrastructures-informationnelles-traduire-un-classique-des-sciences-sociales/,medialab.sciencespo.fr,,,,,b_kotras|sciencespo|vinzian,256472239|168619698|157629358,,,,
from:medialab_ScPo,1761024552606294315,1708695946,2024-02-23T13:45:46,medialab_ScPo,"Ce mardi 27/02, Ã  14hÂ @CardonVincentÂ @VinZian @b_kotrasÂ H. Boullier etÂ Ã‰. DagiralÂ prÃ©senteront ""Arranger les choses : des consÃ©quences de la classification"", leur traduction franÃ§aise de ""Sorting Things OutÂ Â». 
Pour en savoir plus et participer : https://medialab.sciencespo.fr/actu/classification-et-infrastructures-informationnelles-traduire-un-classique-des-sciences-sociales/",0,5,8,0,,fr,,,,Twitter Web App,https://mobile.twitter.com,Paris,,,1652884033,ScPo mÃ©dialab,0,The Sciences Po mÃ©dialab is a research center of @sciencespo that connects the social sciences with new digital tools. #controversy #networks #data,https://medialab.sciencespo.fr,https://pbs.twimg.com/profile_images/687665190335283202/Ucmfc-pV_normal.png,1295,8887,131,324,227,2013-08-07T12:43:17,1375879397,scraping,1,,,,,,,,,2024-05-11T00:28:17.925441,https://twitter.com/medialab_ScPo/status/1761024552606294315,,,,,https://medialab.sciencespo.fr/actu/classification-et-infrastructures-informationnelles-traduire-un-classique-des-sciences-sociales/,medialab.sciencespo.fr,,,,,b_kotras|cardonvincent|vinzian,256472239|870725308483325953|157629358,,,,
from:medialab_ScPo,1761021229916364845,1708695154,2024-02-23T13:32:34,medialab_ScPo,"Want to join @ScPoResearch in Paris or the mÃ©dialab team?
The mÃ©dialab isÂ hiringÂ an advancedÂ Associate Professor in sociology. The application procedure is open from now to April 4th.
More details onÂ https://medialab.sciencespo.fr/en/news/recrute-une-professeure-des-universites-en-sociologie/",0,14,9,0,,en,,,,Twitter Web App,https://mobile.twitter.com,Paris,,,1652884033,ScPo mÃ©dialab,0,The Sciences Po mÃ©dialab is a research center of @sciencespo that connects the social sciences with new digital tools. #controversy #networks #data,https://medialab.sciencespo.fr,https://pbs.twimg.com/profile_images/687665190335283202/Ucmfc-pV_normal.png,1295,8887,131,324,227,2013-08-07T12:43:17,1375879397,scraping,1,,,,,,,,,2024-05-11T00:28:17.925635,https://twitter.com/medialab_ScPo/status/1761021229916364845,,,,,https://medialab.sciencespo.fr/en/news/recrute-une-professeure-des-universites-en-sociologie/,medialab.sciencespo.fr,,,,,scporesearch,435681893,,,,
from:medialab_ScPo,1760595030564094414,1708593540,2024-02-22T09:19:00,medialab_ScPo,"Le METAT, un lieu dâ€™Ã©change de partage et de formation pour des apprentissages rÃ©ciproques : 
â€œjâ€™apprends beaucoup des autres, non seulement des encadrants mais aussi des participantsâ€, Yuma Ando (2023)
En savoir plus sur le METAT et rejoindre lâ€™Ã©quipe sur https://medialab.sciencespo.fr/actu/portraits-dencadrantes-2-metat/ https://twitter.com/medialab_ScPo/status/1760595030564094414/video/1",0,0,3,0,,fr,,,,Twitter Web App,https://mobile.twitter.com,Paris,,,1652884033,ScPo mÃ©dialab,0,The Sciences Po mÃ©dialab is a research center of @sciencespo that connects the social sciences with new digital tools. #controversy #networks #data,https://medialab.sciencespo.fr,https://pbs.twimg.com/profile_images/687665190335283202/Ucmfc-pV_normal.png,1295,8887,131,324,227,2013-08-07T12:43:17,1375879397,scraping,1,,,,,,,,,2024-05-11T00:28:17.925922,https://twitter.com/medialab_ScPo/status/1760595030564094414,,,,,https://medialab.sciencespo.fr/actu/portraits-dencadrantes-2-metat/,medialab.sciencespo.fr,https://video.twimg.com/ext_tw_video/1759580423804366848/pu/vid/avc1/720x720/ve3Eg02phnIcz3CK.mp4,1760595030564094414_ve3Eg02phnIcz3CK.mp4,video,,,,,,,
from:medialab_ScPo,1759580028948410713,1708351544,2024-02-19T14:05:44,medialab_ScPo,"Le METAT, 3h pour accompagner concrÃ¨tement un projet : 
â€œÃ  la fin, il faut un livrable qui fait avancer le projetâ€, @KCdemusicologie (2023).
Pour en savoir plus sur le METAT et rejoindre lâ€™Ã©quipe : https://medialab.sciencespo.fr/actu/portraits-dencadrantes-2-metat/ https://twitter.com/medialab_ScPo/status/1759580028948410713/video/1",0,4,4,0,,fr,,,,Twitter Web App,https://mobile.twitter.com,Paris,,,1652884033,ScPo mÃ©dialab,0,The Sciences Po mÃ©dialab is a research center of @sciencespo that connects the social sciences with new digital tools. #controversy #networks #data,https://medialab.sciencespo.fr,https://pbs.twimg.com/profile_images/687665190335283202/Ucmfc-pV_normal.png,1295,8887,131,324,227,2013-08-07T12:43:17,1375879397,scraping,1,,,,,,,,,2024-05-11T00:28:17.926178,https://twitter.com/medialab_ScPo/status/1759580028948410713,,,,,https://medialab.sciencespo.fr/actu/portraits-dencadrantes-2-metat/,medialab.sciencespo.fr,https://video.twimg.com/ext_tw_video/1759579773540483072/pu/vid/avc1/720x720/Ge9mOQ8qDvWiMI90.mp4,1759580028948410713_Ge9mOQ8qDvWiMI90.mp4,video,,kcdemusicologie,1175291271373611008,,,,
from:medialab_ScPo,1757427465868157126,1707838333,2024-02-13T15:32:13,medialab_ScPo,"A great opportunity to join our research team : Applications must be sent before March 4th!! Â« Optichiasm: #postdoc position @medialab_ScPo 
Ecologies of LLMs Practices 

What happens when #LLMs land in different practices and disciplines?
What is asked of them? 
What do these technologies ask of their users?
How to account for their effects, limits and danger?

more info ðŸ‘‡ â€” https://twitter.com/optichiasm/status/1755539297724199168 Â»",,0,2,0,,en,,,,Twitter Web App,https://mobile.twitter.com,Paris,,,1652884033,ScPo mÃ©dialab,0,The Sciences Po mÃ©dialab is a research center of @sciencespo that connects the social sciences with new digital tools. #controversy #networks #data,https://medialab.sciencespo.fr,https://pbs.twimg.com/profile_images/687665190335283202/Ucmfc-pV_normal.png,1295,8887,131,324,227,2013-08-07T12:43:17,1375879397,scraping,1,,,,,1755539297724199168,Optichiasm,432665924,1707388159,2024-05-11T00:28:17.926459,https://twitter.com/medialab_ScPo/status/1757427465868157126,,,,,,,,,,,medialab_scpo,1652884033,llms|postdoc,,,
from:medialab_ScPo,1757384572948426958,1707828107,2024-02-13T12:41:47,medialab_ScPo,"Chaque mois, des ingÃ©s @CSO_SciencesPo @SciencesPo_CEE @CDSP_ScPo mÃ©dialab etc. aident des chercheurÂ·euseÂ·s Ã  avancer sur leurs projets au MetAt, lâ€™atelier de mÃ©thodes de @sciencespo .
Blazej, Yuma, @BeatriceMazoyer et @KCdemusicologie partagent leurs expÃ©riences d'encadrantÂ·eÂ·s. https://twitter.com/medialab_ScPo/status/1757384572948426958/video/1",0,6,15,0,,fr,,,,Twitter Web App,https://mobile.twitter.com,Paris,,,1652884033,ScPo mÃ©dialab,0,The Sciences Po mÃ©dialab is a research center of @sciencespo that connects the social sciences with new digital tools. #controversy #networks #data,https://medialab.sciencespo.fr,https://pbs.twimg.com/profile_images/687665190335283202/Ucmfc-pV_normal.png,1295,8887,131,324,227,2013-08-07T12:43:17,1375879397,scraping,1,,,,,,,,,2024-05-11T00:28:17.926694,https://twitter.com/medialab_ScPo/status/1757384572948426958,,,,,,,https://video.twimg.com/ext_tw_video/1757377701738926081/pu/vid/avc1/1280x720/_z-ynzFN_maLPlJ1.mp4,1757384572948426958__z-ynzFN_maLPlJ1.mp4,video,,beatricemazoyer|cdsp_scpo|cso_sciencespo|kcdemusicologie|sciencespo|sciencespo_cee,709702331412176896|3059409604|3684500895|1175291271373611008|168619698|2306534791,,,,
from:medialab_ScPo,1754545645354926293,1707151254,2024-02-05T16:40:54,medialab_ScPo,"You werenâ€™t able to join the @FosdemResearch : dont worry, there is an online catch-up session on satursday February 10th (10am-3.30pm)
#ORDEM schedule and login info on https://research-fosdem.github.io/2024-online-schedule.html",0,7,4,1,,en,,,,Twitter Web App,https://mobile.twitter.com,Paris,,,1652884033,ScPo mÃ©dialab,0,The Sciences Po mÃ©dialab is a research center of @sciencespo that connects the social sciences with new digital tools. #controversy #networks #data,https://medialab.sciencespo.fr,https://pbs.twimg.com/profile_images/687665190335283202/Ucmfc-pV_normal.png,1295,8887,131,324,227,2013-08-07T12:43:17,1375879397,scraping,1,,,,,,,,,2024-05-11T00:28:17.926865,https://twitter.com/medialab_ScPo/status/1754545645354926293,,,,,https://research-fosdem.github.io/2024-online-schedule.html,research-fosdem.github.io,,,,,fosdemresearch,1206584349874933760,ordem,,,
from:medialab_ScPo,1745808627116421610,1705068186,2024-01-12T14:03:06,medialab_ScPo,"Tuesday 16th at 2pm,Â @szeyuhninawangÂ will present her work about moral rhetoric of U.S. political elites.
An @AxPo_Obs & mÃ©dialab joint seminar for @ScPoResearch
More info andÂ registration onÂ https://medialab.sciencespo.fr/actu/motivators-and-consequences-of-moralization-across-the-political-spectrum/",0,5,9,0,,en,,,,Twitter Web App,https://mobile.twitter.com,Paris,,,1652884033,ScPo mÃ©dialab,0,The Sciences Po mÃ©dialab is a research center of @sciencespo that connects the social sciences with new digital tools. #controversy #networks #data,https://medialab.sciencespo.fr,https://pbs.twimg.com/profile_images/687665190335283202/Ucmfc-pV_normal.png,1295,8887,131,324,227,2013-08-07T12:43:17,1375879397,scraping,1,,,,,,,,,2024-05-11T00:28:17.927061,https://twitter.com/medialab_ScPo/status/1745808627116421610,,,,,https://medialab.sciencespo.fr/actu/motivators-and-consequences-of-moralization-across-the-political-spectrum/,medialab.sciencespo.fr,,,,,axpo_obs|scporesearch|szeyuhninawang,999680174600937473|435681893|2424294697,,,,
from:medialab_ScPo,1737127524432306448,1702998450,2023-12-19T15:07:30,medialab_ScPo,"The mÃ©dialab is hiring a postdoc (20 months) to work in an interdisciplinary European project about the impacts of social media on offline politics.
More details to join team with @PedroRamaciotti and @jphcoion on https://medialab.sciencespo.fr/actu/hiring-postdoc-in-computational-social-sciences/",0,9,9,0,,en,,,,Twitter Web App,https://mobile.twitter.com,Paris,,,1652884033,ScPo mÃ©dialab,0,The Sciences Po mÃ©dialab is a research center of @sciencespo that connects the social sciences with new digital tools. #controversy #networks #data,https://medialab.sciencespo.fr,https://pbs.twimg.com/profile_images/687665190335283202/Ucmfc-pV_normal.png,1295,8887,131,324,227,2013-08-07T12:43:17,1375879397,scraping,1,,,,,,,,,2024-05-11T00:28:17.927256,https://twitter.com/medialab_ScPo/status/1737127524432306448,,,,,https://medialab.sciencespo.fr/actu/hiring-postdoc-in-computational-social-sciences/,medialab.sciencespo.fr,,,,,pedroramaciotti,1290396928778350593,,,,
from:medialab_ScPo,1735667198662680996,1702650281,2023-12-15T14:24:41,medialab_ScPo,"Les donnÃ©es de @ScPoResearch sont Ã©galementÂ plÃ©biscitÃ©es :Â fÃ©licitation Ã  CÃ©lia BouchetÂ pour sonÂ Â« EnquÃªte Handicap et destinÃ©es sociales Â»Â Ã  @OSC_SciencesPoÂ ayant reÃ§u laÂ mention spÃ©ciale du juryÂ des prix science ouverte des donnÃ©es de la recherche.
https://www.enseignementsup-recherche.gouv.fr/fr/remise-des-prix-science-ouverte-des-donnees-de-la-recherche-93729",0,2,1,0,,fr,medialab_ScPo,1652884033,1735667195462533254,Twitter Web App,https://mobile.twitter.com,Paris,,,1652884033,ScPo mÃ©dialab,0,The Sciences Po mÃ©dialab is a research center of @sciencespo that connects the social sciences with new digital tools. #controversy #networks #data,https://medialab.sciencespo.fr,https://pbs.twimg.com/profile_images/687665190335283202/Ucmfc-pV_normal.png,1295,8887,131,324,227,2013-08-07T12:43:17,1375879397,scraping,1,,,,,,,,,2024-05-11T00:28:24.420494,https://twitter.com/medialab_ScPo/status/1735667198662680996,,,,,https://www.enseignementsup-recherche.gouv.fr/fr/remise-des-prix-science-ouverte-des-donnees-de-la-recherche-93729,enseignementsup-recherche.gouv.fr,,,,,scporesearch,435681893,,,,
from:medialab_ScPo,1735667195462533254,1702650281,2023-12-15T14:24:41,medialab_ScPo,"ImpliquÃ© dans le mouvement de lâ€™OpenScience depuis ses dÃ©buts, le mÃ©dialabÂ est fier dâ€™avoir Ã©tÃ© rÃ©cemment primÃ© ""coup de coeur"" desÂ Prix Science Ouverte du LogicielÂ Libre deÂ @sup_recherche pour son logiciel Hyphe. ðŸ†
https://medialab.sciencespo.fr/actu/hyphe-prime-pour-sa-contribution-a-la-science-ouverte/",0,15,29,1,,fr,,,,Twitter Web App,https://mobile.twitter.com,Paris,,,1652884033,ScPo mÃ©dialab,0,The Sciences Po mÃ©dialab is a research center of @sciencespo that connects the social sciences with new digital tools. #controversy #networks #data,https://medialab.sciencespo.fr,https://pbs.twimg.com/profile_images/687665190335283202/Ucmfc-pV_normal.png,1295,8887,131,324,227,2013-08-07T12:43:17,1375879397,scraping,1,,,,,,,,,2024-05-11T00:28:24.420729,https://twitter.com/medialab_ScPo/status/1735667195462533254,,,,,https://medialab.sciencespo.fr/actu/hyphe-prime-pour-sa-contribution-a-la-science-ouverte/,medialab.sciencespo.fr,,,,,sup_recherche,912084145,,,,
from:medialab_ScPo,1734218612489978341,1702304912,2023-12-11T14:28:32,medialab_ScPo,"(Re)dÃ©couvrez le concept frontiÃ¨re de ""Zone critiqueÂ Â» dans leÂ dernier ouvrage de @JrmeGaillardet2Â (@IPGP_officiel ).
PrÃ©sentation demain, Ã Â partir de 14h, au sÃ©minaire du mÃ©dialab.

Inscription obligatoire surÂ https://medialab.sciencespo.fr/actu/la-terre-habitable-ou-lepopee-de-la-zone-critique/",0,2,6,0,,fr,,,,Twitter Web App,https://mobile.twitter.com,Paris,,,1652884033,ScPo mÃ©dialab,0,The Sciences Po mÃ©dialab is a research center of @sciencespo that connects the social sciences with new digital tools. #controversy #networks #data,https://medialab.sciencespo.fr,https://pbs.twimg.com/profile_images/687665190335283202/Ucmfc-pV_normal.png,1295,8887,131,324,227,2013-08-07T12:43:17,1375879397,scraping,1,,,,,,,,,2024-05-11T00:28:24.420944,https://twitter.com/medialab_ScPo/status/1734218612489978341,,,,,https://medialab.sciencespo.fr/actu/la-terre-habitable-ou-lepopee-de-la-zone-critique/,medialab.sciencespo.fr,,,,,ipgp_officiel|jrmegaillardet2,3842930237|1564702152148279296,,,,
from:medialab_ScPo,1732766691027800517,1701958747,2023-12-07T14:19:07,medialab_ScPo,"Â«la Terre habitable ou lâ€™Ã©popÃ©e de la zone critiqueÂ»,Â @JrmeGaillardet2Â deÂ @IPGP_officiel prÃ©sente son dernier ouvrage au sÃ©minaire du mÃ©dialabÂ @ScPoResearch mardi 12/12 Ã  partir de 14h.
Ouvert Ã  tous, sur inscription obligatoire :Â https://medialab.sciencespo.fr/actu/la-terre-habitable-ou-lepopee-de-la-zone-critique/ https://twitter.com/medialab_ScPo/status/1732766691027800517/photo/1",0,4,5,0,,fr,,,,Twitter Web App,https://mobile.twitter.com,Paris,,,1652884033,ScPo mÃ©dialab,0,The Sciences Po mÃ©dialab is a research center of @sciencespo that connects the social sciences with new digital tools. #controversy #networks #data,https://medialab.sciencespo.fr,https://pbs.twimg.com/profile_images/687665190335283202/Ucmfc-pV_normal.png,1295,8887,131,324,227,2013-08-07T12:43:17,1375879397,scraping,1,,,,,,,,,2024-05-11T00:28:24.421321,https://twitter.com/medialab_ScPo/status/1732766691027800517,,,,,https://medialab.sciencespo.fr/actu/la-terre-habitable-ou-lepopee-de-la-zone-critique/,medialab.sciencespo.fr,https://pbs.twimg.com/media/GAwGEWlWYAAmIe6.jpg,1732766691027800517_GAwGEWlWYAAmIe6.jpg,photo,,ipgp_officiel|jrmegaillardet2|scporesearch,3842930237|1564702152148279296|435681893,,,,
from:medialab_ScPo,1731972735952187544,1701769453,2023-12-05T09:44:13,medialab_ScPo,"Aujourd'hui Ã  14h,Â @robindemourat ClÃ©mence SeuratÂ etÂ @ThomasTARI1Â prÃ©sentent leur enquÃªte collective sur la plaine Montceleux Ã  @SevranvilleÂ  et leur livre ""le champ des possibles"".
SÃ©minaire ouvert Ã  tous sur inscription : 
https://medialab.sciencespo.fr/actu/le-champ-des-possibles/",0,1,4,0,,fr,,,,Twitter for Android,http://twitter.com/download/android,Paris,,,1652884033,ScPo mÃ©dialab,0,The Sciences Po mÃ©dialab is a research center of @sciencespo that connects the social sciences with new digital tools. #controversy #networks #data,https://medialab.sciencespo.fr,https://pbs.twimg.com/profile_images/687665190335283202/Ucmfc-pV_normal.png,1295,8887,131,324,227,2013-08-07T12:43:17,1375879397,scraping,1,,,,,,,,,2024-05-11T00:28:24.421560,https://twitter.com/medialab_ScPo/status/1731972735952187544,,,,,https://medialab.sciencespo.fr/actu/le-champ-des-possibles/,medialab.sciencespo.fr,,,,,robindemourat|sevranville|thomastari1,20637708|2765681895|1177186207601713154,,,,
from:medialab_ScPo,1731751044873404628,1701716598,2023-12-04T19:03:18,medialab_ScPo,"Au sujet des angles morts thÃ©matiques de l'ouvrage : ""certains sujets, comme la guerre, Ã©taient trop actuels pour bien comprendre la construction des donnÃ©es et rentrer dans une double page de l'Atlas"" d'aprÃ¨s @Optichiasm https://twitter.com/medialab_ScPo/status/1731751044873404628/photo/1",0,2,7,0,,fr,,,,Twitter for Android,http://twitter.com/download/android,Paris,,,1652884033,ScPo mÃ©dialab,0,The Sciences Po mÃ©dialab is a research center of @sciencespo that connects the social sciences with new digital tools. #controversy #networks #data,https://medialab.sciencespo.fr,https://pbs.twimg.com/profile_images/687665190335283202/Ucmfc-pV_normal.png,1295,8887,131,324,227,2013-08-07T12:43:17,1375879397,scraping,1,,,,,,,,,2024-05-11T00:28:24.421792,https://twitter.com/medialab_ScPo/status/1731751044873404628,,,,,,,https://pbs.twimg.com/media/GAhqZOaWQAAXOeo.jpg,1731751044873404628_GAhqZOaWQAAXOeo.jpg,photo,,optichiasm,432665924,,,,
from:medialab_ScPo,1731742381030920378,1701714532,2023-12-04T18:28:52,medialab_ScPo,"La confÃ©rence de lancement de l'Atlas du numÃ©rique dÃ©marre avec les lectures de @xporte @axellelemaire et @cecilemeadel 
""Un livre d'une trÃ¨s grande inventivitÃ©, d'une trÃ¨s grande richesse : un produit original, qui propose de nouvelles formules pour voir les choses"". https://twitter.com/medialab_ScPo/status/1731742381030920378/photo/1",0,2,10,0,,fr,,,,Twitter for Android,http://twitter.com/download/android,Paris,,,1652884033,ScPo mÃ©dialab,0,The Sciences Po mÃ©dialab is a research center of @sciencespo that connects the social sciences with new digital tools. #controversy #networks #data,https://medialab.sciencespo.fr,https://pbs.twimg.com/profile_images/687665190335283202/Ucmfc-pV_normal.png,1295,8887,131,324,227,2013-08-07T12:43:17,1375879397,scraping,1,,,,,,,,,2024-05-11T00:28:24.422042,https://twitter.com/medialab_ScPo/status/1731742381030920378,,,,,,,https://pbs.twimg.com/media/GAhigu2WkAEid7D.jpg,1731742381030920378_GAhigu2WkAEid7D.jpg,photo,,axellelemaire|cecilemeadel|xporte,116063765|1433799304435703824|71212408,,,,
from:medialab_ScPo,1731629530849099804,1701687626,2023-12-04T11:00:26,medialab_ScPo,"Le numÃ©rique est partout. Comment modifie-t-il nos faÃ§ons de reprÃ©senter le monde et la sociÃ©tÃ© ?
Venez en discuter avec les auteurs de lâ€™Atlas du numÃ©rique (@syparasie @Optichiasm & P.Mitrano) @xporte @axellelemaireÂ &Â @CMeadel dÃ¨s 19h Ã  @sciencespo 
https://medialab.sciencespo.fr/actu/comment-redonner-une-materialite-aux-differentes-facettes-de-notre-vie-numerisee/",0,7,9,4,,fr,,,,Twitter Web App,https://mobile.twitter.com,Paris,,,1652884033,ScPo mÃ©dialab,0,The Sciences Po mÃ©dialab is a research center of @sciencespo that connects the social sciences with new digital tools. #controversy #networks #data,https://medialab.sciencespo.fr,https://pbs.twimg.com/profile_images/687665190335283202/Ucmfc-pV_normal.png,1295,8887,131,324,227,2013-08-07T12:43:17,1375879397,scraping,1,,,,,,,,,2024-05-11T00:28:24.422280,https://twitter.com/medialab_ScPo/status/1731629530849099804,,,,,https://medialab.sciencespo.fr/actu/comment-redonner-une-materialite-aux-differentes-facettes-de-notre-vie-numerisee/,medialab.sciencespo.fr,,,,,axellelemaire|cmeadel|optichiasm|sciencespo|syparasie|xporte,116063765|41537960|432665924|168619698|18425702|71212408,,,,
from:medialab_ScPo,1730566356771176907,1701434146,2023-12-01T12:35:46,medialab_ScPo,"Mardi 5/12 Ã  14h,Â @robindemourat ClÃ©mence SeuratÂ etÂ @ThomasTARI1Â prÃ©senteront leur livreÂ Â«Â Le champ des possibles : une enquÃªte collective Ã Â @SevranvilleÂ Â» auÂ sÃ©minaire du mÃ©dialab.Â @ScPoResearch
SÃ©minaire ouvert Ã  tous ; infoÂ et rÃ©servation surÂ https://medialab.sciencespo.fr/actu/le-champ-des-possibles/ https://twitter.com/medialab_ScPo/status/1730566356771176907/photo/1",0,9,10,0,,fr,,,,Twitter Web App,https://mobile.twitter.com,Paris,,,1652884033,ScPo mÃ©dialab,0,The Sciences Po mÃ©dialab is a research center of @sciencespo that connects the social sciences with new digital tools. #controversy #networks #data,https://medialab.sciencespo.fr,https://pbs.twimg.com/profile_images/687665190335283202/Ucmfc-pV_normal.png,1295,8887,131,324,227,2013-08-07T12:43:17,1375879397,scraping,1,,,,,,,,,2024-05-11T00:28:24.422574,https://twitter.com/medialab_ScPo/status/1730566356771176907,,,,,https://medialab.sciencespo.fr/actu/le-champ-des-possibles/,medialab.sciencespo.fr,https://pbs.twimg.com/media/GAQ001TXcAA-tzm.jpg,1730566356771176907_GAQ001TXcAA-tzm.jpg,photo,,robindemourat|scporesearch|sevranville|thomastari1,20637708|435681893|2765681895|1177186207601713154,,,,
from:medialab_ScPo,1729445220574490798,1701166846,2023-11-28T10:20:46,medialab_ScPo,"Le mÃ©dialab sâ€™associe Ã  @ATDQM @EmmausConnect @emmaus_france @FedeSolidarite pour crÃ©er le collectif CitoyennetÃ© et NumÃ©rique et initier de nouvelles recherches surÂ les enjeux de lâ€™Ã©loignement du numÃ©rique dans le rapport Ã  la vie collective.
ðŸ”­https://citoyennete-et-numerique.org/",0,12,12,0,,fr,,,,Twitter Web App,https://mobile.twitter.com,Paris,,,1652884033,ScPo mÃ©dialab,0,The Sciences Po mÃ©dialab is a research center of @sciencespo that connects the social sciences with new digital tools. #controversy #networks #data,https://medialab.sciencespo.fr,https://pbs.twimg.com/profile_images/687665190335283202/Ucmfc-pV_normal.png,1295,8887,131,324,227,2013-08-07T12:43:17,1375879397,scraping,1,,,,,,,,,2024-05-11T00:28:24.422780,https://twitter.com/medialab_ScPo/status/1729445220574490798,,,,,https://citoyennete-et-numerique.org,citoyennete-et-numerique.org,,,,,atdqm|emmaus_france|emmausconnect|fedesolidarite,94549979|306069058|1943930744|88682428,,,,
from:medialab_ScPo,1728013785850323444,1700825566,2023-11-24T11:32:46,medialab_ScPo,"On Nov. 28th 2pm, @alextkindelÂ Â (@ScPoResearch ) will give a talk aboutÂ Word embedding association tests methodologyÂ at the mÃ©dialab seminar.

More info and registration form here :Â https://medialab.sciencespo.fr/actu/word-embedding-association-tests-a-methodological-autopsy/",0,0,2,0,,en,,,,Twitter Web App,https://mobile.twitter.com,Paris,,,1652884033,ScPo mÃ©dialab,0,The Sciences Po mÃ©dialab is a research center of @sciencespo that connects the social sciences with new digital tools. #controversy #networks #data,https://medialab.sciencespo.fr,https://pbs.twimg.com/profile_images/687665190335283202/Ucmfc-pV_normal.png,1295,8887,131,324,227,2013-08-07T12:43:17,1375879397,scraping,1,,,,,,,,,2024-05-11T00:28:24.422972,https://twitter.com/medialab_ScPo/status/1728013785850323444,,,,,https://medialab.sciencespo.fr/actu/word-embedding-association-tests-a-methodological-autopsy/,medialab.sciencespo.fr,,,,,alextkindel|scporesearch,2618411672|435681893,,,,
from:medialab_ScPo,1724346932934639665,1699951320,2023-11-14T08:42:00,medialab_ScPo,"Jeudi 23 novembre - 14h30 : ""GÃ©nÃ¨se, crÃ©ation etÂ fonctionnement de l'outil de visualisation Panoptic Â».
Pour la 40e sÃ©anceÂ ðŸ•¯ï¸ du MetSemÂ venez Ã©couterÂ @FalieInge,Â @EdouardBoute et V. Ecrement, de @CeresSorbonne

Info etÂ inscription sur https://metsem.hypotheses.org/",0,1,2,0,,fr,,,,Twitter Web App,https://mobile.twitter.com,Paris,,,1652884033,ScPo mÃ©dialab,0,The Sciences Po mÃ©dialab is a research center of @sciencespo that connects the social sciences with new digital tools. #controversy #networks #data,https://medialab.sciencespo.fr,https://pbs.twimg.com/profile_images/687665190335283202/Ucmfc-pV_normal.png,1295,8887,131,324,227,2013-08-07T12:43:17,1375879397,scraping,1,,,,,,,,,2024-05-11T00:28:24.423172,https://twitter.com/medialab_ScPo/status/1724346932934639665,,,,,https://metsem.hypotheses.org,metsem.hypotheses.org,,,,,ceressorbonne|edouardboute|falieinge,1527220416351293440|340558910|1527280739921801218,,,,
from:medialab_ScPo,1724058583225020635,1699882572,2023-11-13T13:36:12,medialab_ScPo,"ðŸš¨Le mÃ©dialab recherche ASAP unÂ·eÂ gestionnaire pour unÂ contrat deÂ 6 mois. Pour mettre vosÂ compÃ©tences enÂ gestion financiÃ¨re et administrative au service d'une Ã©quipe interdisciplinaire ðŸ‘‡
https://sciencespo-career.talent-soft.com/offre-de-emploi/emploi-gestionnaire-administratif-et-financier-h-f_769.aspx
Candidatures examinÃ©es dÃ¨s rÃ©ception : Ã  bientÃ´t dans nos bureaux!",0,8,1,1,,fr,,,,Twitter Web App,https://mobile.twitter.com,Paris,,,1652884033,ScPo mÃ©dialab,0,The Sciences Po mÃ©dialab is a research center of @sciencespo that connects the social sciences with new digital tools. #controversy #networks #data,https://medialab.sciencespo.fr,https://pbs.twimg.com/profile_images/687665190335283202/Ucmfc-pV_normal.png,1295,8887,131,324,227,2013-08-07T12:43:17,1375879397,scraping,1,,,,,,,,,2024-05-11T00:28:24.423394,https://twitter.com/medialab_ScPo/status/1724058583225020635,,,,,https://sciencespo-career.talent-soft.com/offre-de-emploi/emploi-gestionnaire-administratif-et-financier-h-f_769.aspx,sciencespo-career.talent-soft.com,,,,,,,,,,
from:medialab_ScPo,1720086779519525133,1698935620,2023-11-02T14:33:40,medialab_ScPo,"Le mÃ©dialab reÃ§oitÂ @balleys_claire pour un sÃ©minaire sur lesÂ normes de la pudeur juvÃ©nile dans les espaces urbains et numÃ©riques.
RV le 7/11 Ã  partir de 14h -enÂ prÃ©sentiel- sur le campusÂ parisien deÂ @sciencespo
Info et inscription obligatoire surÂ https://medialab.sciencespo.fr/actu/cest-genant-les-normes-de-la-pudeur-juvenile-dans-les-espaces-urbains-et-numeriques/",0,4,3,0,,fr,,,,Twitter Web App,https://mobile.twitter.com,Paris,,,1652884033,ScPo mÃ©dialab,0,The Sciences Po mÃ©dialab is a research center of @sciencespo that connects the social sciences with new digital tools. #controversy #networks #data,https://medialab.sciencespo.fr,https://pbs.twimg.com/profile_images/687665190335283202/Ucmfc-pV_normal.png,1295,8887,131,324,227,2013-08-07T12:43:17,1375879397,scraping,1,,,,,,,,,2024-05-11T00:28:24.423594,https://twitter.com/medialab_ScPo/status/1720086779519525133,,,,,https://medialab.sciencespo.fr/actu/cest-genant-les-normes-de-la-pudeur-juvenile-dans-les-espaces-urbains-et-numeriques/,medialab.sciencespo.fr,,,,,balleys_claire|sciencespo,793566027988799488|168619698,,,,
from:medialab_ScPo,1716434711222812991,1698064899,2023-10-23T12:41:39,medialab_ScPo,"(Re)dÃ©couvrez le mÃ©dialab de Sciences Po avec cette prÃ©sentation de @booghetaÂ Ã Â l'occasion des 10 ans du NumÃ©rique deÂ @INHA_FrÂ : dâ€™un centre de service numÃ©rique Ã  un laboratoire de recherche, une entitÃ© atypique au cÅ“ur des mÃ©thodes numÃ©riques.
https://youtu.be/bVjxEdocg2I?si=dku1nrWe926hO0XU https://twitter.com/medialab_ScPo/status/1716434711222812991/photo/1",0,5,7,1,,fr,,,,Twitter Web App,https://mobile.twitter.com,Paris,,,1652884033,ScPo mÃ©dialab,0,The Sciences Po mÃ©dialab is a research center of @sciencespo that connects the social sciences with new digital tools. #controversy #networks #data,https://medialab.sciencespo.fr,https://pbs.twimg.com/profile_images/687665190335283202/Ucmfc-pV_normal.png,1295,8887,131,324,227,2013-08-07T12:43:17,1375879397,scraping,1,,,,,,,,,2024-05-11T00:28:24.423958,https://twitter.com/medialab_ScPo/status/1716434711222812991,,,,,https://youtu.be/bVjxEdocg2I?si=dku1nrWe926hO0XU,youtu.be,https://pbs.twimg.com/media/F9IAMosWgAAj3Tf.jpg,1716434711222812991_F9IAMosWgAAj3Tf.jpg,photo,,boogheta|inha_fr,897889083170672642|2891883185,,,,
from:medialab_ScPo,1706670516478890001,1695736934,2023-09-26T14:02:14,medialab_ScPo,"Bravo Ã  l'Ã©quipe du @CDSP_ScPo pour cette rÃ©ussite! Â« CDSP_ScPo: La Banque de donnÃ©es du CDSP est le premier entrepÃ´t SHS franÃ§ais certifiÃ© CoreTrustSeal !
Garantie dâ€™un service de qualitÃ©, ce label vient rÃ©compenser un travail de longue haleine, menÃ© avec lâ€™appui de @SSHOpenCloud & @resdatall France.
En savoir plus : https://cdsp.sciences-po.fr/fr/le-cdsp/actualites/actualite/la-banque-de-donnees-du-cdsp-1ere-banque-de-donnees-en-shs-francaise-certifiee-coretrustseal_156/ https://twitter.com/CDSP_ScPo/status/1706664625708929226/photo/1 â€” https://twitter.com/cdsp_scpo/status/1706664625708929226 Â»",,0,2,2,,fr,,,,Twitter Web App,https://mobile.twitter.com,Paris,,,1652884033,ScPo mÃ©dialab,0,The Sciences Po mÃ©dialab is a research center of @sciencespo that connects the social sciences with new digital tools. #controversy #networks #data,https://medialab.sciencespo.fr,https://pbs.twimg.com/profile_images/687665190335283202/Ucmfc-pV_normal.png,1295,8887,131,324,227,2013-08-07T12:43:17,1375879397,scraping,1,,,,,1706664625708929226,CDSP_ScPo,3059409604,1695735529,2024-05-11T00:28:24.424573,https://twitter.com/medialab_ScPo/status/1706670516478890001,,,,,https://cdsp.sciences-po.fr/fr/le-cdsp/actualites/actualite/la-banque-de-donnees-du-cdsp-1ere-banque-de-donnees-en-shs-francaise-certifiee-coretrustseal_156/,cdsp.sciences-po.fr,https://pbs.twimg.com/media/F69KWhmaMAAm40-.jpg,1706664625708929226_F69KWhmaMAAm40-.jpg,photo,,cdsp_scpo|resdatall|sshopencloud,3059409604|1219888003|1071043914537295872,,,,
from:medialab_ScPo,1705146689806369019,1695373625,2023-09-22T09:07:05,medialab_ScPo,"Le 4/10 - 14H, confÃ©renceÂ Â«Â Lâ€™agriculture arraisonnÃ©e :Â discours rationalistes dans les espaces publics numÃ©riques""
OrganisÃ©e par @ManonBerricheÂ @AymericLuneauÂ etÂ @jphcoi en partenariat avecÂ @DEFACTO_UE & @Anses_frÂ 

Info et inscriptions surÂ https://medialab.sciencespo.fr/actu/lagriculture-arraisonnee-role-des-discours-rationalistes-dans-les-espaces-publics-numeriques/",0,6,10,1,,fr,,,,Twitter Web App,https://mobile.twitter.com,Paris,,,1652884033,ScPo mÃ©dialab,0,The Sciences Po mÃ©dialab is a research center of @sciencespo that connects the social sciences with new digital tools. #controversy #networks #data,https://medialab.sciencespo.fr,https://pbs.twimg.com/profile_images/687665190335283202/Ucmfc-pV_normal.png,1295,8887,131,324,227,2013-08-07T12:43:17,1375879397,scraping,1,,,,,,,,,2024-05-11T00:28:24.424791,https://twitter.com/medialab_ScPo/status/1705146689806369019,,,,,https://medialab.sciencespo.fr/actu/lagriculture-arraisonnee-role-des-discours-rationalistes-dans-les-espaces-publics-numeriques/,medialab.sciencespo.fr,,,,,anses_fr|aymericluneau|defacto_ue|jphcoi,1108628533|1443545255853363207|1478762733248077826|110836127,,,,
from:medialab_ScPo,1704874373373743152,1695308700,2023-09-21T15:05:00,medialab_ScPo,"Transformation of #selection tests in today's societies: what perspectives on social categories in the era of AI?
Read ""The displacement of reality tests. The selection of individuals in the age of machine learning Â» by @Karmacoma & @jeanmarie_johnm
> https://hal.science/hal-04178769",0,3,6,0,,en,,,,Twitter Web App,https://mobile.twitter.com,Paris,,,1652884033,ScPo mÃ©dialab,0,The Sciences Po mÃ©dialab is a research center of @sciencespo that connects the social sciences with new digital tools. #controversy #networks #data,https://medialab.sciencespo.fr,https://pbs.twimg.com/profile_images/687665190335283202/Ucmfc-pV_normal.png,1295,8887,131,324,227,2013-08-07T12:43:17,1375879397,scraping,1,,,,,,,,,2024-05-11T00:28:24.424971,https://twitter.com/medialab_ScPo/status/1704874373373743152,,,,,https://hal.science/hal-04178769,hal.science,,,,,jeanmarie_johnm|karmacoma,1286028308724043777|2327881,selection,,,
from:medialab_ScPo,1703806403163414990,1695054076,2023-09-18T16:21:16,medialab_ScPo,"Demain, Ã  14h au sÃ©minaire du mÃ©dialab, Victor Amblard, Camilla Penzo et Lucas Verney prÃ©senteront le PEReN (PÃ´le dâ€™expertise de la rÃ©gulation numÃ©rique) et son expertise de la science des donnÃ©es au service de la rÃ©gulation numÃ©rique.
Info & inscriptions https://medialab.sciencespo.fr/actu/le-peren-lexpertise-de-la-science-des-donnees-au-service-de-la-regulation-numerique/",0,3,1,0,,fr,,,,Twitter Web App,https://mobile.twitter.com,Paris,,,1652884033,ScPo mÃ©dialab,0,The Sciences Po mÃ©dialab is a research center of @sciencespo that connects the social sciences with new digital tools. #controversy #networks #data,https://medialab.sciencespo.fr,https://pbs.twimg.com/profile_images/687665190335283202/Ucmfc-pV_normal.png,1295,8887,131,324,227,2013-08-07T12:43:17,1375879397,scraping,1,,,,,,,,,2024-05-11T00:28:24.425186,https://twitter.com/medialab_ScPo/status/1703806403163414990,,,,,https://medialab.sciencespo.fr/actu/le-peren-lexpertise-de-la-science-des-donnees-au-service-de-la-regulation-numerique/,medialab.sciencespo.fr,,,,,,,,,,
from:medialab_ScPo,1701618771209621653,1694532504,2023-09-12T15:28:24,medialab_ScPo,"""Petits nombres en santÃ© : socio-histoire dâ€™une statistique mÃ©dicale fragileÂ Â»
ðŸ—“ï¸3 octobre 2023
-> Il reste qq jours pour sâ€™inscrire Ã  cette journÃ©e dâ€™Ã©tudes organisÃ©e par @GaetanThomasÂ etÂ @GoddeKylian Ã  laÂ  @MSHParisNord 
Inscriptions : https://www.cermes3.cnrs.fr/fr/?view=article&id=1155&catid=174 https://twitter.com/medialab_ScPo/status/1701618771209621653/photo/1",0,3,6,0,,fr,,,,Twitter Web App,https://mobile.twitter.com,Paris,,,1652884033,ScPo mÃ©dialab,0,The Sciences Po mÃ©dialab is a research center of @sciencespo that connects the social sciences with new digital tools. #controversy #networks #data,https://medialab.sciencespo.fr,https://pbs.twimg.com/profile_images/687665190335283202/Ucmfc-pV_normal.png,1295,8887,131,324,227,2013-08-07T12:43:17,1375879397,scraping,1,,,,,,,,,2024-05-11T00:28:24.425542,https://twitter.com/medialab_ScPo/status/1701618771209621653,,,,,https://www.cermes3.cnrs.fr/fr/?catid=174&id=1155&view=article,cermes3.cnrs.fr,https://pbs.twimg.com/media/F51dMRgW8AAOiY9.png,1701618771209621653_F51dMRgW8AAOiY9.png,photo,,gaetanthomas|goddekylian|mshparisnord,183382415|1249417341814714368|1303640688,,,,
from:medialab_ScPo,1701254102456430608,1694445560,2023-09-11T15:19:20,medialab_ScPo,"ðŸš¨ WARNING : Our tomorrowÂ seminar byÂ @elisa_omodei will begin at 2.45pm (instead of 2pm). Sorry for the inconvenience.
Still time to register to attend in person: https://medialab.sciencespo.fr/actu/linking-survey-and-social-media-data-to-study-misinformation-and-political-polarization/",0,1,4,0,,en,,,,Twitter Web App,https://mobile.twitter.com,Paris,,,1652884033,ScPo mÃ©dialab,0,The Sciences Po mÃ©dialab is a research center of @sciencespo that connects the social sciences with new digital tools. #controversy #networks #data,https://medialab.sciencespo.fr,https://pbs.twimg.com/profile_images/687665190335283202/Ucmfc-pV_normal.png,1295,8887,131,324,227,2013-08-07T12:43:17,1375879397,scraping,1,,,,,,,,,2024-05-11T00:28:31.015052,https://twitter.com/medialab_ScPo/status/1701254102456430608,,,,,https://medialab.sciencespo.fr/actu/linking-survey-and-social-media-data-to-study-misinformation-and-political-polarization/,medialab.sciencespo.fr,,,,,elisa_omodei,1467737210,,,,
from:medialab_ScPo,1700052097721590168,1694158980,2023-09-08T07:43:00,medialab_ScPo,"Thanks toÂ @CIVICA_Research, the mÃ©dialab is welcomingÂ @elisa_omodeiÂ Â on sept. 12thÂ to talk aboutÂ the determinants of willingness to donate data from social media platforms.
To attend the seminar, register on https://medialab.sciencespo.fr/actu/linking-survey-and-social-media-data-to-study-misinformation-and-political-polarization/",0,5,10,0,,en,,,,Twitter Web App,https://mobile.twitter.com,Paris,,,1652884033,ScPo mÃ©dialab,0,The Sciences Po mÃ©dialab is a research center of @sciencespo that connects the social sciences with new digital tools. #controversy #networks #data,https://medialab.sciencespo.fr,https://pbs.twimg.com/profile_images/687665190335283202/Ucmfc-pV_normal.png,1295,8887,131,324,227,2013-08-07T12:43:17,1375879397,scraping,1,,,,,,,,,2024-05-11T00:28:31.015279,https://twitter.com/medialab_ScPo/status/1700052097721590168,,,,,https://medialab.sciencespo.fr/actu/linking-survey-and-social-media-data-to-study-misinformation-and-political-polarization/,medialab.sciencespo.fr,,,,,civica_research|elisa_omodei,1285520717589745665|1467737210,,,,
from:medialab_ScPo,1697891611886121142,1693643880,2023-09-02T08:38:00,medialab_ScPo,"Il y a un 1 an, le projet @DEFACTO_UE interrogeait les franÃ§ais sur le thÃ¨me #mieuxsinformer. Une nouvelle exploitation des donnÃ©es par @KCdemusicologie  identifie les prÃ©occupations des participants et les regroupements autour de certains sujets.
A lire : https://medialab.sciencespo.fr/actu/les-enjeux-de-linformation-a-lere-numerique-vus-par-les-francais/",0,11,22,0,,fr,,,,Twitter Web App,https://mobile.twitter.com,Paris,,,1652884033,ScPo mÃ©dialab,0,The Sciences Po mÃ©dialab is a research center of @sciencespo that connects the social sciences with new digital tools. #controversy #networks #data,https://medialab.sciencespo.fr,https://pbs.twimg.com/profile_images/687665190335283202/Ucmfc-pV_normal.png,1295,8887,131,324,227,2013-08-07T12:43:17,1375879397,scraping,1,,,,,,,,,2024-05-11T00:28:31.015475,https://twitter.com/medialab_ScPo/status/1697891611886121142,,,,,https://medialab.sciencespo.fr/actu/les-enjeux-de-linformation-a-lere-numerique-vus-par-les-francais/,medialab.sciencespo.fr,,,,,defacto_ue|kcdemusicologie,1478762733248077826|1175291271373611008,mieuxsinformer,,,
from:medialab_ScPo,1697593938301870285,1693572909,2023-09-01T12:55:09,medialab_ScPo,"Would you be able to share your data from social media platforms? On sept. 12th at mÃ©dialab seminar,Â @elisa_omodei will give an overview of how to combine these data and survey dataÂ to study misinformation consumption and political polarization.
More info: https://medialab.sciencespo.fr/actu/linking-survey-and-social-media-data-to-study-misinformation-and-political-polarization/",0,5,21,1,,en,,,,Twitter Web App,https://mobile.twitter.com,Paris,,,1652884033,ScPo mÃ©dialab,0,The Sciences Po mÃ©dialab is a research center of @sciencespo that connects the social sciences with new digital tools. #controversy #networks #data,https://medialab.sciencespo.fr,https://pbs.twimg.com/profile_images/687665190335283202/Ucmfc-pV_normal.png,1295,8887,131,324,227,2013-08-07T12:43:17,1375879397,scraping,1,,,,,,,,,2024-05-11T00:28:31.015674,https://twitter.com/medialab_ScPo/status/1697593938301870285,,,,,https://medialab.sciencespo.fr/actu/linking-survey-and-social-media-data-to-study-misinformation-and-political-polarization/,medialab.sciencespo.fr,,,,,elisa_omodei,1467737210,,,,
from:medialab_ScPo,1694691605364568234,1692880939,2023-08-24T12:42:19,medialab_ScPo,"#MetSem le 07/09 avec Emmanuelle Frenoux (@EFrenoux) & Philippe Ciblat du #GdS #EcoInfo ""Panorama de lâ€™impact des recherches en numÃ©rique sur lâ€™environnement""

Inscription ici --> https://metsem.hypotheses.org

cc @CEVIPOF @SciencesPo_CEE @CDSP_ScPo @ScPoBibli @ScPoResearch @MetSEM2",0,8,9,0,,fr,,,,Twitter Web App,https://mobile.twitter.com,Paris,,,1652884033,ScPo mÃ©dialab,0,The Sciences Po mÃ©dialab is a research center of @sciencespo that connects the social sciences with new digital tools. #controversy #networks #data,https://medialab.sciencespo.fr,https://pbs.twimg.com/profile_images/687665190335283202/Ucmfc-pV_normal.png,1295,8887,131,324,227,2013-08-07T12:43:17,1375879397,scraping,1,,,,,,,,,2024-05-11T00:28:31.015874,https://twitter.com/medialab_ScPo/status/1694691605364568234,,,,,https://metsem.hypotheses.org,metsem.hypotheses.org,,,,,cdsp_scpo|cevipof|efrenoux|metsem2|sciencespo_cee|scpobibli|scporesearch,3059409604|888530046|1276804405157859328|1459113032680984577|2306534791|2279217091|435681893,ecoinfo|gds|metsem,,,
from:medialab_ScPo,1682377963277369344,1689945138,2023-07-21T13:12:18,medialab_ScPo,"Le mÃ©dialab recherche un chargÃ© de projet europÃ©en pour le projet @DEFACTO_UE .
Recrutement dÃ¨s que possible, les candidatures seront examinÃ©es au fil de la rÃ©ception.
https://medialab.sciencespo.fr/actu/recrute-chargee-de-projet-europeen/ Â« DEFACTO_UE: ðŸ“¢ Nous recherchons notre nouveau ou nouvelle chargÃ©.e de projet
ðŸ“© Ã€ vos candidatures 
@medialab_ScPo @AFPcom @LeCLEMI @XWiki 

https://medialab.sciencespo.fr/actu/recrute-chargee-de-projet-europeen/ â€” https://twitter.com/defacto_ue/status/1682373292844261377 Â»",0,10,10,0,,fr,,,,Twitter for Android,http://twitter.com/download/android,Paris,,,1652884033,ScPo mÃ©dialab,0,The Sciences Po mÃ©dialab is a research center of @sciencespo that connects the social sciences with new digital tools. #controversy #networks #data,https://medialab.sciencespo.fr,https://pbs.twimg.com/profile_images/687665190335283202/Ucmfc-pV_normal.png,1295,8887,131,324,227,2013-08-07T12:43:17,1375879397,scraping,1,,,,,1682373292844261377,DEFACTO_UE,1478762733248077826,1689944024,2024-05-11T00:28:31.016370,https://twitter.com/medialab_ScPo/status/1682377963277369344,,,,,https://medialab.sciencespo.fr/actu/recrute-chargee-de-projet-europeen/,medialab.sciencespo.fr,,,,,afpcom|defacto_ue|leclemi|medialab_scpo|xwiki,378504782|1478762733248077826|1283600144|1652884033|9454232,,,,
from:medialab_ScPo,1681333399397474305,1689696094,2023-07-18T16:01:34,medialab_ScPo,"Ã‰tude des discours de haine sur YouTube dans le rapport 2022 de la @CNCDH , une interview de @benjamintaintu1 sur la @RadioTeleSuisse revient sur la mÃ©thodologie et les grandes lignes de la contribution du mÃ©dialab.
ðŸŽ§ https://www.rts.ch/audio-podcast/2023/audio/les-discours-haineux-sont-legion-sur-youtube-demontre-une-etude-interview-de-benjamin-tainturier-26153762.html",0,2,7,0,,fr,,,,Twitter Web App,https://mobile.twitter.com,Paris,,,1652884033,ScPo mÃ©dialab,0,The Sciences Po mÃ©dialab is a research center of @sciencespo that connects the social sciences with new digital tools. #controversy #networks #data,https://medialab.sciencespo.fr,https://pbs.twimg.com/profile_images/687665190335283202/Ucmfc-pV_normal.png,1295,8887,131,324,227,2013-08-07T12:43:17,1375879397,scraping,1,,,,,,,,,2024-05-11T00:28:31.016585,https://twitter.com/medialab_ScPo/status/1681333399397474305,,,,,https://www.rts.ch/audio-podcast/2023/audio/les-discours-haineux-sont-legion-sur-youtube-demontre-une-etude-interview-de-benjamin-tainturier-26153762.html,rts.ch,,,,,benjamintaintu1|cncdh|radiotelesuisse,974565961947852800|180717105|9507972,,,,
from:medialab_ScPo,1669728267975180288,1686929215,2023-06-16T15:26:55,medialab_ScPo,"Rejoignez-nous en direct sur la chaine YouTube de @sciencespo 
https://www.youtube.com/live/upBpriCBAzI?feature=share",0,0,1,0,,fr,medialab_ScPo,1652884033,1669728266335158274,Twitter Web App,https://mobile.twitter.com,Paris,,,1652884033,ScPo mÃ©dialab,0,The Sciences Po mÃ©dialab is a research center of @sciencespo that connects the social sciences with new digital tools. #controversy #networks #data,https://medialab.sciencespo.fr,https://pbs.twimg.com/profile_images/687665190335283202/Ucmfc-pV_normal.png,1295,8887,131,324,227,2013-08-07T12:43:17,1375879397,scraping,1,,,,,,,,,2024-05-11T00:28:31.016787,https://twitter.com/medialab_ScPo/status/1669728267975180288,,,,,https://www.youtube.com/live/upBpriCBAzI,youtube.com,,,,,sciencespo,168619698,,,,
from:medialab_ScPo,1669728266335158274,1686929215,2023-06-16T15:26:55,medialab_ScPo,"La confÃ©rence de Fred Turner est en cours.
Ã€ l'occasion du 10Ã¨me anniversaire de la publication en franÃ§ais de ""Aux sources de l'utopie numÃ©rique"", cette confÃ©rence pose la question de ce qu'il est advenu des rÃªves d'utopie informatique qui ont entourÃ© les dÃ©buts d'internet.",,1,9,1,,fr,,,,Twitter Web App,https://mobile.twitter.com,Paris,,,1652884033,ScPo mÃ©dialab,0,The Sciences Po mÃ©dialab is a research center of @sciencespo that connects the social sciences with new digital tools. #controversy #networks #data,https://medialab.sciencespo.fr,https://pbs.twimg.com/profile_images/687665190335283202/Ucmfc-pV_normal.png,1295,8887,131,324,227,2013-08-07T12:43:17,1375879397,scraping,1,,,,,,,,,2024-05-11T00:28:31.016943,https://twitter.com/medialab_ScPo/status/1669728266335158274,,,,,,,,,,,,,,,,
from:medialab_ScPo,1669718975209689088,1686927000,2023-06-16T14:50:00,medialab_ScPo,"""From Counterculture to CybercultureÂ Â» the @fturner talk at @SciencesPo is about to begin.
Join the livestream onÂ https://youtube.com/live/upBpriCBAzI?feature=share
An event organized withÂ @CetFeditions @cis_cnrs @McCourtInstÂ &Â @Gripic_Celsa",0,3,9,0,,en,,,,TweetDeck Web App,https://twitter.com,Paris,,,1652884033,ScPo mÃ©dialab,0,The Sciences Po mÃ©dialab is a research center of @sciencespo that connects the social sciences with new digital tools. #controversy #networks #data,https://medialab.sciencespo.fr,https://pbs.twimg.com/profile_images/687665190335283202/Ucmfc-pV_normal.png,1295,8887,131,324,227,2013-08-07T12:43:17,1375879397,scraping,1,,,,,,,,,2024-05-11T00:28:31.017166,https://twitter.com/medialab_ScPo/status/1669718975209689088,,,,,https://youtube.com/live/upBpriCBAzI,youtube.com,,,,,cetfeditions|cis_cnrs|fturner|gripic_celsa|mccourtinst|sciencespo,1859544331|1047531642825441281|9342312|1499069459071393801|1472995911873740808|168619698,,,,
